{
  "bitcoin": {
    "amount": 1.07845494,
    "initialValue": 42700
  },
  "ethereum": {
    "amount": 1.60649829,
    "initialValue": 3400
  },
  "solana": {
    "amount": 2137.11389454,
    "initialValue": 213700
  },
  "dogecoin": {
    "amount": 62379.868,
    "initialValue": 3000
  },
  "kava": {
    "amount": 24550.9045,
    "initialValue": 21731.66
  }
}
